<?xml version="1.0" encoding="UTF-8"?>
<BaliMessageLog>
    <Task name="Map">
        <Message>
            <ID>51001030</ID>
            <Severity>Warning</Severity>
            <Dynamic>R_c</Dynamic>
        </Message>
    </Task>
    <Task name="Synplify_Synthesis">
        <Message>
            <ID>2011000</ID>
            <Severity>Info</Severity>
        </Message>
        <Message>
            <ID>2019991</ID>
            <Severity>Warning</Severity>
            <Dynamic>CD638 :&quot;C:\Users\jhffh\Desktop\laboras\impl1\PLIC_matrica.vhd&quot;:26:10:26:12|Signal gnd is undriven. Either assign the signal a value or remove the signal declaration.</Dynamic>
            <Navigation>CD638</Navigation>
            <Navigation>C:\Users\jhffh\Desktop\laboras\impl1\PLIC_matrica.vhd</Navigation>
            <Navigation>26</Navigation>
            <Navigation>10</Navigation>
            <Navigation>26</Navigation>
            <Navigation>12</Navigation>
            <Navigation>Signal gnd is undriven. Either assign the signal a value or remove the signal declaration.</Navigation>
        </Message>
        <Message>
            <ID>2019991</ID>
            <Severity>Warning</Severity>
            <Dynamic>CD638 :&quot;C:\Users\jhffh\Desktop\laboras\impl1\PLIC_matrica.vhd&quot;:27:10:27:12|Signal vcc is undriven. Either assign the signal a value or remove the signal declaration.</Dynamic>
            <Navigation>CD638</Navigation>
            <Navigation>C:\Users\jhffh\Desktop\laboras\impl1\PLIC_matrica.vhd</Navigation>
            <Navigation>27</Navigation>
            <Navigation>10</Navigation>
            <Navigation>27</Navigation>
            <Navigation>12</Navigation>
            <Navigation>Signal vcc is undriven. Either assign the signal a value or remove the signal declaration.</Navigation>
        </Message>
        <Message>
            <ID>2019991</ID>
            <Severity>Warning</Severity>
            <Dynamic>MT529 :&quot;c:\users\jhffh\desktop\laboras\impl1\plic_matrica.vhd&quot;:124:3:124:5|Found inferred clock PLIC_MATRICA|c which controls 8 sequential elements including I42. This clock has no specified timing constraint which may prevent conversion of gated or generated clocks and may adversely impact design performance.</Dynamic>
            <Navigation>MT529</Navigation>
            <Navigation>c:\users\jhffh\desktop\laboras\impl1\plic_matrica.vhd</Navigation>
            <Navigation>124</Navigation>
            <Navigation>3</Navigation>
            <Navigation>124</Navigation>
            <Navigation>5</Navigation>
            <Navigation>Found inferred clock PLIC_MATRICA|c which controls 8 sequential elements including I42. This clock has no specified timing constraint which may prevent conversion of gated or generated clocks and may adversely impact design performance. </Navigation>
        </Message>
        <Message>
            <ID>2019993</ID>
            <Severity>Warning</Severity>
            <Dynamic>MT420 |Found inferred clock PLIC_MATRICA|c with period 1.45ns. Please declare a user-defined clock on object &quot;p:c&quot;</Dynamic>
            <Navigation>MT420</Navigation>
            <Navigation>Found inferred clock PLIC_MATRICA|c with period 1.45ns. Please declare a user-defined clock on object &quot;p:c&quot;</Navigation>
        </Message>
    </Task>
</BaliMessageLog>